TestIncome,TestLoss,TestMAE,R2,city,split,zero_home,zero_visit,zero_person
random,0.1959533244371414,0.3346947431564331,0.80485600233078,boston,random,True,False,False
1,0.1916492879390716,0.3199100494384765,0.7812285423278809,chicago,3,False,False,False
2,0.1682196855545044,0.2974277138710022,0.8323857188224792,chicago,3,False,False,False
4,0.1908975839614868,0.3093618154525757,0.8212370276451111,chicago,3,False,False,False
2,0.1932418346405029,0.3248303532600403,0.7970555424690247,london,1,False,False,False
3,0.220118910074234,0.3444530069828033,0.7859842777252197,london,1,False,False,False
4,0.2255872637033462,0.3504156172275543,0.7812343239784241,london,1,False,False,False
1,0.7508766055107117,0.6790046095848083,0.2553599178791046,hongkong,4,False,True,True
2,0.7435562014579773,0.6746320128440857,0.2502748072147369,hongkong,4,False,True,True
3,0.766756534576416,0.6828355193138123,0.2339914590120315,hongkong,4,False,True,True
2,0.1971129328012466,0.3326617777347564,0.7932325005531311,london,1,True,False,False
3,0.2260189205408096,0.3546853959560394,0.7802333235740662,london,1,True,False,False
4,0.2362797409296035,0.3637743592262268,0.7706347703933716,london,1,True,False,False
1,0.4272054135799408,0.4904068410396576,0.5253679156303406,london,4,False,True,True
2,0.4957908689975738,0.5363425016403198,0.4734367728233337,london,4,False,True,True
3,0.5960278511047363,0.5860968232154846,0.420464813709259,london,4,False,True,True
2,0.7376463413238525,0.679440975189209,0.2624702453613281,chicago,1,True,True,False
3,0.7632508873939514,0.692410945892334,0.2334228157997131,chicago,1,True,True,False
4,0.989568531513214,0.7833766937255859,0.0854980945587158,chicago,1,True,True,False
random,1.0225600004196167,0.8357285857200623,-0.0186387971043586,boston,random,True,True,False
random,0.1778574287891388,0.3112857341766357,0.8245264887809753,london,random,False,False,True
2,0.4913248419761657,0.5102408528327942,0.4787570536136627,london,1,False,True,True
3,0.6301620602607727,0.578874945640564,0.3872064054012298,london,1,False,True,True
4,0.705639123916626,0.6124447584152222,0.3267070055007934,london,1,False,True,True
1,0.193642571568489,0.3236477673053741,0.7873507738113403,saopaulo,2,True,False,True
3,0.2074221968650818,0.3399153649806976,0.7856132388114929,saopaulo,2,True,False,True
4,0.2141774147748947,0.3480501770973205,0.7631107568740845,saopaulo,2,True,False,True
1,0.1887978166341781,0.3189961910247803,0.7941119074821472,london,4,False,False,False
2,0.1906723380088806,0.3259971439838409,0.7998064160346985,london,4,False,False,False
3,0.2078246772289276,0.3380953073501587,0.7979376316070557,london,4,False,False,False
2,1.2383896112442017,0.902118682861328,-0.2245195209980011,boston,1,True,True,False
3,1.2892626523971558,0.931037664413452,-0.2725767195224762,boston,1,True,True,False
4,1.451940894126892,0.985762357711792,-0.4632832109928131,boston,1,True,True,False
1,0.196707084774971,0.3272696435451507,0.7837026119232178,saopaulo,3,False,False,True
2,0.2018319070339203,0.332482099533081,0.7844850420951843,saopaulo,3,False,False,True
4,0.2053417861461639,0.3376134037971496,0.7733424305915833,saopaulo,3,False,False,True
1,0.2222178876399994,0.3546201288700104,0.7629817724227905,boston,3,False,False,False
2,0.2112808525562286,0.3396106362342834,0.7911770343780518,boston,3,False,False,False
4,0.2356428205966949,0.356328934431076,0.7623000144958496,boston,3,False,False,False
1,0.1758717894554138,0.3070063292980194,0.8079887628555298,london,3,False,False,False
2,0.1848711818456649,0.3192729949951172,0.8058393001556396,london,3,False,False,False
4,0.2049875110387802,0.3339059054851532,0.8011842370033264,london,3,False,False,False
2,1.0174646377563477,0.8599376678466797,-0.0059965783730149,boston,1,True,True,True
3,1.0224400758743286,0.861720860004425,-0.0084285736083984,boston,1,True,True,True
4,1.0337796211242676,0.865750789642334,-0.0402720160782337,boston,1,True,True,True
random,0.9954060316085817,0.8224684000015259,-0.0003856619296129,saopaulo,random,True,True,True
1,0.2028564661741256,0.3417713940143585,0.7837040424346924,boston,2,False,False,False
3,0.2397500425577163,0.361440509557724,0.7635781168937683,boston,2,False,False,False
4,0.2605248391628265,0.3717321753501892,0.7370060086250305,boston,2,False,False,False
1,0.7230790257453918,0.6341632604598999,0.1952912807464599,saopaulo,3,False,True,False
2,0.6983017921447754,0.6300013065338135,0.2518621683120727,saopaulo,3,False,True,False
4,0.5764608979225159,0.571331799030304,0.3606966137886047,saopaulo,3,False,True,False
2,0.2475384771823883,0.3711461722850799,0.755316436290741,boston,1,False,False,False
3,0.2789319157600403,0.3923201858997345,0.7248998880386353,boston,1,False,False,False
4,0.29920694231987,0.4027478098869324,0.6979969143867493,boston,1,False,False,False
random,0.533804178237915,0.5568707585334778,0.4635770618915558,saopaulo,random,False,True,True
1,0.2043957412242889,0.3326990604400635,0.7761009931564331,saopaulo,3,True,False,False
2,0.2094502002000808,0.3370073437690735,0.7767475247383118,saopaulo,3,True,False,False
4,0.2082651704549789,0.341988205909729,0.769612193107605,saopaulo,3,True,False,False
1,0.1711171269416809,0.3015190660953522,0.8058387637138367,chicago,3,True,False,True
2,0.1672718077898025,0.2947768867015838,0.8334019184112549,chicago,3,True,False,True
4,0.1845218241214752,0.3050518333911896,0.8265619277954102,chicago,3,True,False,True
1,0.2095036655664444,0.3466098606586456,0.7772856950759888,boston,4,True,False,True
2,0.2089016735553741,0.3394545614719391,0.7933992743492126,boston,4,True,False,True
3,0.2228079736232757,0.3483938872814178,0.7801880240440369,boston,4,True,False,True
1,1.5820941925048828,1.044336438179016,-0.7857843637466431,saopaulo,4,True,True,False
2,1.314611554145813,0.9444025754928588,-0.4148855209350586,saopaulo,4,True,True,False
3,1.0622395277023315,0.8403684496879578,-0.0991838425397872,saopaulo,4,True,True,False
1,0.241561010479927,0.3583740890026092,0.7263829112052917,chicago,4,True,False,False
2,0.1893998384475708,0.3182043731212616,0.8114492893218994,chicago,4,True,False,False
3,0.186638593673706,0.3123583197593689,0.8127475380897522,chicago,4,True,False,False
1,0.7683805227279663,0.6778904795646667,0.2380122393369674,hongkong,2,False,True,False
3,0.8231388926506042,0.6970106363296509,0.1777826696634292,hongkong,2,False,True,False
4,0.8676121234893799,0.7106539607048035,0.111299991607666,hongkong,2,False,True,False
1,0.1726892739534378,0.3071063756942749,0.8114519119262695,london,3,False,False,True
2,0.1807201504707336,0.3180676400661468,0.8101553320884705,london,3,False,False,True
4,0.2007086127996444,0.3321827948093414,0.8054415583610535,london,3,False,False,True
2,0.2064141929149627,0.3350906670093536,0.7791876792907715,saopaulo,1,False,False,False
3,0.2179491072893142,0.3475836515426636,0.7747451066970825,saopaulo,1,False,False,False
4,0.2327001392841339,0.3612158000469208,0.7429888248443604,saopaulo,1,False,False,False
1,0.5057645440101624,0.5452640056610107,0.459962248802185,boston,2,False,True,True
3,0.71040940284729,0.6255367994308472,0.2993517220020294,boston,2,False,True,True
4,0.6687158346176147,0.605650782585144,0.3287388384342193,boston,2,False,True,True
random,0.1909010708332061,0.3245948553085327,0.8080268502235413,saopaulo,random,False,False,True
1,0.1703176349401474,0.2999940514564514,0.8064236044883728,chicago,2,True,False,True
3,0.1727739572525024,0.3011225163936615,0.8266012668609619,chicago,2,True,False,True
4,0.1922226548194885,0.3134126961231231,0.8193770051002502,chicago,2,True,False,True
1,0.2420505136251449,0.3731326162815094,0.7427970170974731,boston,4,False,False,True
2,0.2660791575908661,0.3827398121356964,0.7369404435157776,boston,4,False,False,True
3,0.273179143667221,0.3802430927753448,0.7306844592094421,boston,4,False,False,True
random,0.997819721698761,0.798799991607666,-0.0006098813610151,hongkong,random,True,True,False
1,0.3916547298431396,0.4662469625473022,0.6101745963096619,hongkong,3,True,False,True
2,0.3776763081550598,0.4570589959621429,0.617465615272522,hongkong,3,True,False,True
4,0.405922919511795,0.4649469256401062,0.5876184105873108,hongkong,3,True,False,True
1,0.4010036289691925,0.464373230934143,0.5558176040649414,london,2,False,True,True
3,0.6005172729492188,0.5743104219436646,0.4160927236080169,london,2,False,True,True
4,0.659058153629303,0.6012331247329712,0.3707872927188873,london,2,False,True,True
1,0.1782720983028412,0.3075296878814697,0.8053898811340332,london,4,False,False,True
2,0.1822864264249801,0.3168290853500366,0.8085677623748779,london,4,False,False,True
3,0.2022090554237365,0.3289787173271179,0.803403377532959,london,4,False,False,True
2,0.2363714426755905,0.3658261299133301,0.7664653658866882,boston,1,True,False,False
3,0.2641213536262512,0.3846191465854645,0.7396773099899292,boston,1,True,False,False
4,0.2889109253883362,0.3977513015270233,0.7078921794891357,boston,1,True,False,False
random,0.1683235466480255,0.2970948815345764,0.8310537338256836,chicago,random,True,False,False
1,0.5659902691841125,0.5733491778373718,0.3694194555282593,saopaulo,2,False,True,True
3,0.5716899037361145,0.5714430809020996,0.4091020822525024,saopaulo,2,False,True,True
4,0.5450832843780518,0.5543534755706787,0.3963787257671356,saopaulo,2,False,True,True
2,0.3845782876014709,0.4524998068809509,0.6104600429534912,hongkong,1,True,False,True
3,0.4129691123962402,0.4637773334980011,0.5877395272254944,hongkong,1,True,False,True
4,0.4278393387794494,0.471659243106842,0.5652499794960022,hongkong,1,True,False,True
1,0.5913050174713135,0.6031218767166138,0.3406249582767486,saopaulo,4,False,True,True
2,0.5937150120735168,0.5998650789260864,0.3624396324157715,saopaulo,4,False,True,True
3,0.5599400401115417,0.5783398747444153,0.4211718738079071,saopaulo,4,False,True,True
1,1.113769769668579,0.8420438170433044,-0.1021808832883834,hongkong,3,True,True,False
2,1.0250824689865112,0.8089559674263,-0.0328534096479415,hongkong,3,True,True,False
4,1.0947179794311523,0.8412399291992188,-0.1223602443933487,hongkong,3,True,True,False
2,0.5897084474563599,0.5804764628410339,0.4157773554325104,boston,1,False,True,True
3,0.6511854529380798,0.6076045632362366,0.3576228022575378,boston,1,False,True,True
4,0.6865659356117249,0.6142287850379944,0.3111196756362915,boston,1,False,True,True
1,0.2080757766962051,0.3364942073822021,0.7708258032798767,saopaulo,4,False,False,True
2,0.2098086029291153,0.338519275188446,0.7757287621498108,saopaulo,4,False,False,True
3,0.2076203674077987,0.3374886810779571,0.7854166626930237,saopaulo,4,False,False,True
1,0.4826966226100921,0.5352216362953186,0.4427694976329803,chicago,4,False,True,True
2,0.4786143600940704,0.525840699672699,0.5197457671165466,chicago,4,False,True,True
3,0.5289232134819031,0.5478081107139587,0.4718655943870544,chicago,4,False,True,True
1,0.9185280799865724,0.7809246778488159,-0.0071507226675748,london,2,True,True,True
3,1.0311517715454102,0.834368884563446,-0.0029406680259853,london,2,True,True,True
4,1.065777063369751,0.8548609018325806,-0.0236329957842826,london,2,True,True,True
1,0.2339277118444442,0.3674671649932861,0.7506917715072632,boston,3,True,False,False
2,0.2274800986051559,0.3549054265022278,0.7752387523651123,boston,3,True,False,False
4,0.2490962296724319,0.3684108853340149,0.7484557628631592,boston,3,True,False,False
1,0.1970163732767105,0.3293511867523193,0.783485472202301,saopaulo,2,False,False,False
3,0.209924042224884,0.3439786434173584,0.7830774188041687,saopaulo,2,False,False,False
4,0.2241512387990951,0.3560819029808044,0.7522620558738708,saopaulo,2,False,False,False
1,0.5443422198295593,0.4957025945186615,0.3979150652885437,london,3,False,True,False
2,0.5115116238594055,0.5311143398284912,0.4575280547142029,london,3,False,True,False
4,0.6646039485931396,0.6044647097587585,0.3646820783615112,london,3,False,True,False
1,0.171563446521759,0.3021722435951233,0.8041757941246033,chicago,2,False,False,False
3,0.1688117235898971,0.2965856790542602,0.8307321071624756,chicago,2,False,False,False
4,0.1879290342330932,0.3088071346282959,0.8237795233726501,chicago,2,False,False,False
1,0.2138825356960296,0.341266006231308,0.7652554512023926,saopaulo,4,True,False,False
2,0.2150174081325531,0.3426325619220733,0.7706769704818726,saopaulo,4,True,False,False
3,0.2115388214588165,0.3425348997116089,0.7814162969589233,saopaulo,4,True,False,False
1,0.4384773671627044,0.475356251001358,0.5141875147819519,london,2,False,True,False
3,0.6228369474411011,0.5872536301612854,0.3945275545120239,london,2,False,True,False
4,0.6974802613258362,0.619966447353363,0.3334078788757324,london,2,False,True,False
1,1.0247026681900024,0.8111210465431213,-0.1339215040206909,saopaulo,2,True,True,False
3,1.0397708415985107,0.8160107731819153,-0.0744729042053222,saopaulo,2,True,True,False
4,1.378847599029541,0.9564814567565918,-0.5645092725753784,saopaulo,2,True,True,False
1,0.8529682755470276,0.7096890211105347,0.0246559418737888,chicago,2,True,True,False
3,0.6906391978263855,0.647419273853302,0.306919664144516,chicago,2,True,True,False
4,0.9014369249343872,0.733515739440918,0.1663786172866821,chicago,2,True,True,False
1,0.1831308603286743,0.3197347223758697,0.8049510717391968,boston,3,False,False,True
2,0.1993885189294815,0.3282876312732696,0.8028594255447388,boston,3,False,False,True
4,0.232408121228218,0.3467330634593963,0.7656557559967041,boston,3,False,False,True
random,0.6736424565315247,0.6490587592124939,0.3224799931049347,chicago,random,True,True,False
1,0.2115907222032547,0.3422066271305084,0.7678044438362122,saopaulo,4,True,False,True
2,0.2166419476270675,0.3448984622955322,0.7689429521560669,saopaulo,4,True,False,True
3,0.2130918055772781,0.3453069031238556,0.7797858119010925,saopaulo,4,True,False,True
random,0.9383041858673096,0.7898983955383301,0.0569556690752506,saopaulo,random,True,True,False
1,0.5091164708137512,0.5273144245147705,0.4344154596328735,london,4,False,True,False
2,0.5530934929847717,0.562786340713501,0.4128016233444214,london,4,False,True,False
3,0.6367489695549011,0.6030341386795044,0.3810259103775024,london,4,False,True,False
random,0.3916407823562622,0.4574151039123535,0.6067470908164978,hongkong,random,True,False,True
random,0.1801532357931137,0.313934713602066,0.8222677707672119,london,random,False,False,False
1,0.9554349780082704,0.7764471769332886,-0.0495358444750309,london,3,True,True,False
2,0.9283226132392884,0.7677703499794006,0.0213203802704811,london,3,True,True,False
4,0.9835694432258606,0.8061152696609497,0.0539848394691944,london,3,True,True,False
2,0.4599838256835937,0.4994443953037262,0.5388553142547607,chicago,1,False,True,False
3,0.5146288871765137,0.5237501859664917,0.4859777987003326,chicago,1,False,True,False
4,0.6300261616706848,0.5795084238052368,0.4250437617301941,chicago,1,False,True,False
random,0.1938287317752838,0.3264597058296203,0.8050599098205566,saopaulo,random,True,False,False
1,0.1796163916587829,0.3156768083572387,0.8043756484985352,london,4,True,False,True
2,0.1872430145740509,0.3234068751335144,0.8036577701568604,london,4,True,False,True
3,0.2067602425813675,0.3358825147151947,0.7989585399627686,london,4,True,False,True
2,0.4392678737640381,0.4802292883396148,0.559303879737854,chicago,1,False,True,True
3,0.5027718544006348,0.5048636794090271,0.4978418350219726,chicago,1,False,True,True
4,0.6338142156600952,0.5720276236534119,0.4225336611270904,chicago,1,False,True,True
1,0.6887365579605103,0.6505632996559143,0.2282452285289764,saopaulo,4,False,True,False
2,0.6771987676620483,0.6421001553535461,0.2711303830146789,saopaulo,4,False,True,False
3,0.6069872379302979,0.602360725402832,0.3725292384624481,saopaulo,4,False,True,False
1,0.3608253896236419,0.4461228251457214,0.6409141421318054,hongkong,3,False,False,True
2,0.3540408909320831,0.438721090555191,0.6415356993675232,hongkong,3,False,False,True
4,0.3824748396873474,0.4489759802818298,0.6112250089645386,hongkong,3,False,False,True
1,1.2053755521774292,0.8927193284034729,-0.3456510901451111,saopaulo,3,True,True,False
2,1.035059928894043,0.8282550573348999,-0.1066650599241256,saopaulo,3,True,True,False
4,1.0297950506210327,0.8250522017478943,-0.1572273224592209,saopaulo,3,True,True,False
1,0.1899998486042022,0.3198414146900177,0.7840588092803955,chicago,3,True,False,False
2,0.1783214062452316,0.3060964047908783,0.8224289417266846,chicago,3,True,False,False
4,0.1928723007440567,0.3125535547733307,0.8187187314033508,chicago,3,True,False,False
random,0.1608436554670334,0.2897185981273651,0.8385283946990967,chicago,random,False,False,True
1,0.2032824009656906,0.3278556168079376,0.7699813842773438,chicago,4,True,False,True
2,0.1754508167505264,0.304386168718338,0.8253031969070435,chicago,4,True,False,True
3,0.1746256053447723,0.3016163110733032,0.8247243762016296,chicago,4,True,False,True
2,0.3774066269397735,0.4573738873004913,0.6178655028343201,hongkong,1,False,False,False
3,0.4145279824733734,0.4750060737133026,0.5861714482307434,hongkong,1,False,False,False
4,0.439723938703537,0.4920902252197265,0.552590012550354,hongkong,1,False,False,False
1,0.925853431224823,0.7845476269721985,-0.0162049736827611,london,4,True,True,True
2,0.9739338159561156,0.8102777004241943,-0.0273688100278377,london,4,True,True,True
3,1.040274977684021,0.8418000340461731,-0.0118025541305542,london,4,True,True,True
random,0.1918500810861587,0.3279399275779724,0.8070761561393738,saopaulo,random,False,False,False
2,0.9470638632774352,0.7821387052536011,-0.0111937588080763,saopaulo,1,True,True,True
3,1.0626949071884155,0.8286945819854736,-0.0989540666341781,saopaulo,1,True,True,True
4,1.3716063499450684,0.9628956317901612,-0.5582951307296753,saopaulo,1,True,True,True
1,0.1715881079435348,0.3004842698574066,0.8044300675392151,chicago,3,False,False,True
2,0.1652920693159103,0.2928975820541382,0.8352962136268616,chicago,3,False,False,True
4,0.1867686957120895,0.3035404980182647,0.8249703645706177,chicago,3,False,False,True
2,0.9960612058639526,0.8041509389877319,-0.0036218895111232,hongkong,1,True,True,True
3,1.0141587257385254,0.8092281818389893,-0.0132982796058058,hongkong,1,True,True,True
4,1.0302238464355469,0.8230987787246704,-0.0553336590528488,hongkong,1,True,True,True
2,0.3789673745632171,0.4544304609298706,0.6162195205688477,hongkong,1,False,False,True
3,0.4044542908668518,0.4638121724128723,0.5961859226226807,hongkong,1,False,False,True
4,0.4278343617916107,0.4765406847000122,0.5651684403419495,hongkong,1,False,False,True
2,0.5746402144432068,0.5580351948738098,0.3908141553401947,london,1,False,True,False
3,0.7361246347427368,0.6362568140029907,0.2846381366252899,london,1,False,True,False
4,0.7912489771842957,0.6608647108078003,0.2428019642829895,london,1,False,True,False
1,0.913486123085022,0.8113616108894348,-0.0388608910143375,chicago,2,True,True,True
3,1.0006415843963623,0.8623074889183044,-0.0031616422347724,chicago,2,True,True,True
4,1.1026664972305298,0.9020040035247804,-0.0146758360788226,chicago,2,True,True,True
2,0.3939362168312073,0.4688562452793121,0.6010553240776062,hongkong,1,True,False,False
3,0.4380868375301361,0.4890875518321991,0.5626170039176941,hongkong,1,True,False,False
4,0.4712126851081848,0.5092194080352783,0.5204975008964539,hongkong,1,True,False,False
2,0.7338756918907166,0.6631995439529419,0.2599793672561645,hongkong,1,False,True,True
3,0.7819501757621765,0.6837894916534424,0.2187730371952057,hongkong,1,False,True,True
4,0.7797422409057617,0.6815828084945679,0.2022973895072937,hongkong,1,False,True,True
2,0.1811679899692535,0.3094924986362457,0.8196359872817993,chicago,1,True,False,False
3,0.1857542097568512,0.3150829076766968,0.8136298060417175,chicago,1,True,False,False
4,0.2101169526576995,0.3331557214260101,0.8027634024620056,chicago,1,True,False,False
2,0.1806356310844421,0.3128619790077209,0.8105678558349609,london,1,True,False,True
3,0.2079784870147705,0.3340955674648285,0.7977254390716553,london,1,True,False,True
4,0.21364526450634,0.3386824429035187,0.7924542427062988,london,1,True,False,True
2,0.1947578489780426,0.3269834220409393,0.8074241280555725,boston,1,True,False,True
3,0.2194135934114456,0.3475821614265442,0.783592700958252,boston,1,True,False,True
4,0.2460934966802597,0.3625626564025879,0.7515496611595154,boston,1,True,False,True
1,0.4062736332416534,0.4741694629192352,0.5959742069244385,hongkong,4,True,False,False
2,0.3921838402748108,0.4647912979125976,0.6029002666473389,hongkong,4,True,False,False
3,0.4065106809139251,0.4675276279449463,0.5941148400306702,hongkong,4,True,False,False
1,3.176178455352783,1.1476160287857056,-2.392178535461426,boston,3,False,True,False
2,1.022477388381958,0.736329197883606,-0.0122072799131274,boston,3,False,True,False
4,0.8706004023551941,0.6970191597938538,0.1252850592136383,boston,3,False,True,False
2,0.6819754242897034,0.6191397309303284,0.2700155675411224,saopaulo,1,False,True,False
3,0.6800091862678528,0.6170320510864258,0.2975272536277771,saopaulo,1,False,True,False
4,0.6844295859336853,0.6173449158668518,0.2366556525230407,saopaulo,1,False,True,False
1,1.389295220375061,0.8902095556259155,-0.6033852100372314,chicago,4,True,True,False
2,0.810344934463501,0.7212287783622742,0.1892680376768112,chicago,4,True,True,False
3,0.7240734696388245,0.68365079164505,0.2736172974109649,chicago,4,True,True,False
random,0.1584762334823608,0.2860496640205383,0.8409257531166077,chicago,random,False,False,False
1,0.1759858578443527,0.3158106803894043,0.8119191527366638,boston,2,False,False,True
3,0.2146295458078384,0.3402325212955475,0.7883833646774292,boston,2,False,False,True
4,0.2287202328443527,0.3474365770816803,0.7693507671356201,boston,2,False,False,True
1,1.0013569593429563,0.8249063491821289,-0.1079394444823265,saopaulo,3,True,True,True
2,0.979766011238098,0.816306471824646,-0.0464126877486705,saopaulo,3,True,True,True
4,1.0420830249786377,0.8388631343841553,-0.1712192296981811,saopaulo,3,True,True,True
2,0.9554439187049866,0.7969539165496826,-0.0069728759117424,london,1,True,True,True
3,1.034305453300476,0.8328343629837036,-0.0059988829307258,london,1,True,True,True
4,1.054612398147583,0.8466535806655884,-0.0132106347009539,london,1,True,True,True
1,0.1759544909000396,0.3073780834674835,0.8082852959632874,london,3,True,False,False
2,0.187033325433731,0.3217664062976837,0.8037585020065308,london,3,True,False,False
4,0.2105463147163391,0.3398966193199157,0.7954400181770325,london,3,True,False,False
1,0.3860601782798767,0.4635489583015442,0.6159318089485168,hongkong,3,False,False,False
2,0.3703711926937103,0.4522337317466736,0.624941349029541,hongkong,3,False,False,False
4,0.3961952030658722,0.4631937742233276,0.5973966121673584,hongkong,3,False,False,False
1,0.917906939983368,0.7824380993843079,-0.0064260032959282,london,3,True,True,True
2,0.951668918132782,0.8003760576248169,-0.0032889975700527,london,3,True,True,True
4,1.0526353120803833,0.8525883555412292,-0.0114692319184541,london,3,True,True,True
1,0.259496122598648,0.3596822321414947,0.7051121592521667,chicago,4,False,False,False
2,0.1934816390275955,0.3173482716083526,0.8074262142181396,chicago,4,False,False,False
3,0.1871290206909179,0.3103810846805572,0.8123245239257812,chicago,4,False,False,False
random,0.1694013923406601,0.297031044960022,0.8299859762191772,chicago,random,True,False,True
1,0.8992468118667603,0.8179291486740112,-0.022443950176239,chicago,4,True,True,True
2,1.015592098236084,0.8868694305419922,-0.0165446866303682,chicago,4,True,True,True
3,1.025565505027771,0.8928749561309814,-0.0279047284275293,chicago,4,True,True,True
random,0.7022074460983276,0.6519365906715393,0.2958952188491821,hongkong,random,False,True,False
1,0.7130784392356873,0.6629821062088013,0.2928282618522644,hongkong,3,False,True,True
2,0.7252696752548218,0.6661782264709473,0.2687817215919494,hongkong,3,False,True,True
4,0.7407683730125427,0.6709355115890503,0.2423611432313919,hongkong,3,False,True,True
random,0.5174934267997742,0.5321434140205383,0.4897883236408233,london,random,False,True,False
1,1.023703932762146,0.8185911178588867,-0.0132561130449175,hongkong,3,True,True,True
2,0.9956023097038268,0.8036301732063293,-0.0031498936004936,hongkong,3,True,True,True
4,0.991809606552124,0.804573655128479,-0.0157985612750053,hongkong,3,True,True,True
1,0.2109158933162689,0.3461787402629852,0.7749415636062622,boston,2,True,False,False
3,0.2456626445055008,0.3686691224575043,0.757830798625946,boston,2,True,False,False
4,0.2684531211853027,0.3831035196781158,0.72868412733078,boston,2,True,False,False
random,0.8950924873352051,0.758678674697876,0.1169862225651741,london,random,True,True,False
random,0.3591615259647369,0.4374521672725677,0.6394087672233582,hongkong,random,False,False,False
random,0.7025206685066223,0.6555577516555786,0.2956237196922302,hongkong,random,False,True,True
1,0.4004113972187042,0.476498007774353,0.6017547845840454,hongkong,4,True,False,True
2,0.3858705759048462,0.4661659598350525,0.6092334985733032,hongkong,4,True,False,True
3,0.4010509848594665,0.4684844315052032,0.599599301815033,hongkong,4,True,False,True
random,0.3632475435733795,0.4332352876663208,0.6353672742843628,hongkong,random,False,False,True
random,0.4680639207363128,0.5010587573051453,0.5289325714111328,chicago,random,False,True,True
2,0.187174841761589,0.3169637024402618,0.8034281134605408,london,1,False,False,True
3,0.2180617451667785,0.3387986123561859,0.7879922389984131,london,1,False,False,True
4,0.217645525932312,0.340258777141571,0.7890064716339111,london,1,False,False,True
random,0.1808149367570877,0.3164758384227752,0.819912314414978,boston,random,False,False,False
1,0.3904480338096618,0.4683486521244049,0.5490890145301819,chicago,2,False,True,True
3,0.4915779829025268,0.5021536946296692,0.5090548992156982,chicago,2,False,True,True
4,0.6193684339523315,0.5689476728439331,0.4356282651424408,chicago,2,False,True,True
1,0.4033815264701843,0.4769598841667175,0.5990185737609863,hongkong,4,False,False,False
2,0.3808032572269439,0.4592889845371246,0.6144969463348389,hongkong,4,False,False,False
3,0.3975626230239868,0.4600818157196045,0.6031060218811035,hongkong,4,False,False,False
2,1.0752421617507937,0.8136784434318542,-0.1336747854948043,london,1,True,True,False
3,1.1864694356918335,0.8638468980789185,-0.1538918614387512,london,1,True,True,False
4,1.35506010055542,0.939976930618286,-0.3033291697502136,london,1,True,True,False
random,0.1769349128007888,0.3192978203296661,0.823763370513916,boston,random,False,False,True
random,0.1983615010976791,0.3295423984527588,0.8005090951919556,saopaulo,random,True,False,True
1,0.3962508738040924,0.4737502932548523,0.605536162853241,hongkong,3,True,False,False
2,0.3865414261817932,0.4670302271842956,0.6084555387496948,hongkong,3,True,False,False
4,0.4182181656360626,0.4811515212059021,0.5751484036445618,hongkong,3,True,False,False
1,0.3541484475135803,0.435903400182724,0.6475075483322144,hongkong,2,False,False,True
3,0.37464439868927,0.4386561214923858,0.6259487867355347,hongkong,2,False,False,True
4,0.3906349539756775,0.4502860009670257,0.6029824018478394,hongkong,2,False,False,True
1,0.2086627185344696,0.339353859424591,0.7704250812530518,saopaulo,4,False,False,False
2,0.2118377983570099,0.3422484397888183,0.7737014293670654,saopaulo,4,False,False,False
3,0.2082420736551284,0.3412426114082336,0.7847799062728882,saopaulo,4,False,False,False
1,0.1761898249387741,0.3069177567958832,0.7995924949645996,chicago,2,True,False,False
3,0.1761383861303329,0.3051730692386627,0.8232207894325256,chicago,2,True,False,False
4,0.1951647847890854,0.318165123462677,0.8167130947113037,chicago,2,True,False,False
1,0.3916187286376953,0.4636114537715912,0.6103312969207764,hongkong,2,True,False,False
3,0.4082868993282318,0.4694167971611023,0.5923633575439453,hongkong,2,True,False,False
4,0.4247974455356598,0.4771759808063507,0.5681806206703186,hongkong,2,True,False,False
1,0.9496856331825256,0.8265246152877808,-0.0089098745957016,boston,3,True,True,True
2,1.0118985176086426,0.8598793745040894,-0.000536183535587,boston,3,True,True,True
4,1.014936089515686,0.8605931997299194,-0.0210040677338838,boston,3,True,True,True
random,0.5298715233802795,0.5536697506904602,0.4675226211547851,saopaulo,random,False,True,False
random,0.1902107745409011,0.3210367858409881,0.8123219609260559,london,random,True,False,False
2,0.1930582523345947,0.3239721655845642,0.8091599941253662,boston,1,False,False,True
3,0.230339378118515,0.3464334905147552,0.7729282975196838,boston,1,False,False,True
4,0.2421203553676605,0.3560356795787811,0.7558643817901611,boston,1,False,False,True
2,0.5971744656562805,0.5807797312736511,0.359590619802475,saopaulo,1,False,True,True
3,0.5918459296226501,0.5774946212768555,0.3883351385593414,saopaulo,1,False,True,True
4,0.5758653879165649,0.5674760341644287,0.3618283569812774,saopaulo,1,False,True,True
random,0.5377852320671082,0.5448577404022217,0.4697841107845306,london,random,False,True,True
1,1.3820319175720217,0.9878808856010436,-0.5488641262054443,saopaulo,4,True,True,True
2,1.2835593223571775,0.9468823671340942,-0.3791619539260864,saopaulo,4,True,True,True
3,1.1138466596603394,0.873082160949707,-0.1529626995325088,saopaulo,4,True,True,True
1,0.6194471120834351,0.5972175598144531,0.3123252689838409,saopaulo,3,False,True,True
2,0.6296767592430115,0.600885272026062,0.3261856734752655,saopaulo,3,False,True,True
4,0.5366284251213074,0.551120400428772,0.4059723615646362,saopaulo,3,False,True,True
random,0.5662765502929688,0.5794507265090942,0.4356692731380462,boston,random,False,True,True
1,0.3910503089427948,0.4675585925579071,0.6109616756439209,hongkong,4,False,False,True
2,0.3743164241313934,0.4552556276321411,0.6210176944732666,hongkong,4,False,False,True
3,0.3886502981185913,0.4555907845497131,0.611991822719574,hongkong,4,False,False,True
2,1.0351253747940063,0.8891018033027649,-0.035752210766077,chicago,1,True,True,True
3,1.0568692684173584,0.9001478552818298,-0.0613167211413383,chicago,1,True,True,True
4,1.10796058177948,0.916096329689026,-0.0222482476383447,chicago,1,True,True,True
1,0.1835437417030334,0.3239164054393768,0.8042308688163757,boston,3,True,False,True
2,0.1953533738851547,0.3279569447040558,0.8069021701812744,boston,3,True,False,True
4,0.2344243824481964,0.3525828719139099,0.763374388217926,boston,3,True,False,True
2,0.2010866403579712,0.332023024559021,0.7850418090820312,saopaulo,1,False,False,True
3,0.2114644944667816,0.3426139950752258,0.7814164757728577,saopaulo,1,False,False,True
4,0.2232842743396759,0.3533821403980255,0.7534960508346558,saopaulo,1,False,False,True
1,0.1680679321289062,0.3002690374851227,0.8170355558395386,london,2,True,False,True
3,0.2040797472000122,0.3309657275676727,0.8015325665473938,london,2,True,False,True
4,0.2081375569105148,0.3346434235572815,0.7978192567825317,london,2,True,False,True
1,0.9809222221374512,0.839638888835907,-0.0417414158582687,boston,4,True,True,True
2,1.0344421863555908,0.8665190935134888,-0.0228019095957279,boston,4,True,True,True
3,1.0348330736160278,0.8677524924278259,-0.020514003932476,boston,4,True,True,True
1,1.0403207540512085,0.7142750024795532,-0.111210212111473,boston,2,False,True,False
3,0.9815632104873656,0.7267667651176453,0.0318224877119064,boston,2,False,True,False
4,0.939676821231842,0.7095742225646973,0.0551171079277992,boston,2,False,True,False
1,0.439681738615036,0.4862492084503174,0.4914358854293823,chicago,2,False,True,False
3,0.4034077227115631,0.4573352634906769,0.5967719554901123,chicago,2,False,True,False
4,0.4915494918823242,0.5064260363578796,0.5498847365379333,chicago,2,False,True,False
1,0.3673600554466247,0.4428163766860962,0.6343787312507629,hongkong,2,False,False,False
3,0.3902940452098846,0.4489205479621887,0.6104261875152588,hongkong,2,False,False,False
4,0.4134281277656555,0.4644694030284881,0.5798260569572449,hongkong,2,False,False,False
1,0.782829999923706,0.688717782497406,0.2242277413606643,hongkong,3,False,True,False
2,0.7800560593605042,0.6827726364135742,0.2136621922254562,hongkong,3,False,True,False
4,0.8131470084190369,0.6988155841827393,0.1671780943870544,hongkong,3,False,True,False
1,2.219792604446411,1.1538612842559814,-1.367725849151611,boston,4,True,True,False
2,1.5206706523895264,0.9793288111686708,-0.5039735436439514,boston,4,True,True,False
3,1.286540389060974,0.9173856377601624,-0.2688719034194946,boston,4,True,True,False
1,0.6300376653671265,0.6051225662231445,0.2980190217494964,saopaulo,2,False,True,False
3,0.623267650604248,0.5983476638793945,0.3560701012611389,saopaulo,2,False,True,False
4,0.6309999823570251,0.5880926251411438,0.2997246384620666,saopaulo,2,False,True,False
1,0.201231449842453,0.3308558166027069,0.7792049050331116,saopaulo,3,True,False,True
2,0.2061536014080047,0.3354421854019165,0.7801414728164673,saopaulo,3,True,False,True
4,0.209283635020256,0.3420841693878174,0.7686998844146729,saopaulo,3,True,False,True
2,0.2087171226739883,0.3396540880203247,0.7772325873374939,saopaulo,1,True,False,False
3,0.2166945785284042,0.351196140050888,0.7759831547737122,saopaulo,1,True,False,False
4,0.232651337981224,0.3698035478591919,0.7418932318687439,saopaulo,1,True,False,False
1,0.3782623708248138,0.4460567533969879,0.6235637664794922,hongkong,2,True,False,True
3,0.4013310074806213,0.4521666765213012,0.5993412733078003,hongkong,2,True,False,True
4,0.4226990342140198,0.4640520215034485,0.5705082416534424,hongkong,2,True,False,True
1,1.1384100914001465,0.847174346446991,-0.1263036429882049,hongkong,2,True,True,False
3,1.0495662689208984,0.8154112100601196,-0.0485424399375915,hongkong,2,True,True,False
4,1.14932382106781,0.8539237380027771,-0.1791526079177856,hongkong,2,True,True,False
1,1.0140489339828491,0.8147164583206177,-0.0036013722419738,hongkong,2,True,True,True
3,1.004045009613037,0.804779589176178,-0.0031378269195556,hongkong,2,True,True,True
4,1.007062554359436,0.8124061822891235,-0.0315680354833602,hongkong,2,True,True,True
1,0.1881785839796066,0.3167853057384491,0.79532790184021,london,4,True,False,False
2,0.1923065334558487,0.3257322311401367,0.798387885093689,london,4,True,False,False
3,0.2102882862091064,0.3383486270904541,0.79549640417099,london,4,True,False,False
1,1.1764872074127195,0.8601740598678589,-0.2984172105789184,london,4,True,True,False
2,1.0558735132217407,0.8191899657249451,-0.1151729151606559,london,4,True,True,False
3,0.988718569278717,0.7914215922355652,0.0383156761527061,london,4,True,True,False
2,1.1411077976226809,0.8445249795913696,-0.1491262316703796,hongkong,1,True,True,False
3,1.3026916980743408,0.8890004754066467,-0.3011452853679657,hongkong,1,True,True,False
4,1.7561687231063845,1.0147613286972046,-0.8100025653839111,hongkong,1,True,True,False
1,3.564320802688598,1.1798672676086426,-2.808164119720459,boston,4,False,True,False
2,1.4930899143218994,0.8973566889762878,-0.4777366816997528,boston,4,False,True,False
3,1.6410307884216309,0.856062650680542,-0.6186448931694031,boston,4,False,True,False
2,0.8096573352813721,0.6940767168998718,0.183709904551506,hongkong,1,False,True,False
3,0.9026448726654052,0.7316436767578125,0.0985333174467086,hongkong,1,False,True,False
4,0.947554051876068,0.7509234547615051,0.0288178622722625,hongkong,1,False,True,False
random,1.0137593746185305,0.8276803493499756,-6.479024887084961e-05,london,random,True,True,True
1,0.1673829704523086,0.2956988215446472,0.809141218662262,chicago,2,False,False,True
3,0.1649260967969894,0.2919171452522278,0.8345334529876709,chicago,2,False,False,True
4,0.1866767108440399,0.3063758015632629,0.8249697685241699,chicago,2,False,False,True
2,0.9503698348999025,0.7251018285751343,0.0585600808262825,boston,1,False,True,False
3,1.1438641548156738,0.7891997694969177,-0.1289237439632415,boston,1,False,True,False
4,1.0813982486724854,0.7770884037017822,-0.087539404630661,boston,1,False,True,False
1,0.9151236414909364,0.7591611742973328,-0.0037400787696242,london,2,True,True,False
3,0.9626782536506652,0.7851560115814209,0.0635948479175567,london,2,True,True,False
4,1.030236840248108,0.824792206287384,0.0090631283819675,london,2,True,True,False
random,0.3688198328018188,0.4401243329048157,0.6290204524993896,chicago,random,False,True,False
1,0.1799984276294708,0.3170388340950012,0.8079537153244019,boston,2,True,False,True
3,0.2158356457948684,0.3392450213432312,0.7871306538581848,boston,2,True,False,True
4,0.2419643700122833,0.3541002869606018,0.7556092143058777,boston,2,True,False,True
1,1.1928642988204956,0.8651658296585083,-0.1808796375989914,hongkong,4,True,True,False
2,1.074337601661682,0.8208240866661072,-0.0822333395481109,hongkong,4,True,True,False
3,1.0504857301712036,0.8110665678977966,-0.049550924450159,hongkong,4,True,True,False
1,0.1697124242782592,0.3001319468021393,0.814853310585022,london,2,False,False,False
3,0.2027678340673446,0.3312345445156097,0.8028412461280823,london,2,False,False,False
4,0.2048540860414505,0.3335000872611999,0.8012399673461914,london,2,False,False,False
2,0.1708208471536636,0.2985230088233948,0.8297942280769348,chicago,1,False,False,True
3,0.1858597695827484,0.3050415813922882,0.8137378096580505,chicago,1,False,False,True
4,0.2014918476343155,0.3186735808849334,0.8114938139915466,chicago,1,False,False,True
1,0.17233906686306,0.3081214427947998,0.8124080896377563,london,3,True,False,True
2,0.1816031336784362,0.3189690411090851,0.8095144629478455,london,3,True,False,True
4,0.2060006856918335,0.3347818851470947,0.7997798919677734,london,3,True,False,True
1,1.06415057182312,0.8291825652122498,-0.053597655147314,hongkong,4,True,True,True
2,1.0230015516281128,0.808349609375,-0.0306133888661861,hongkong,4,True,True,True
3,1.0161913633346558,0.8014664053916931,-0.0153181683272123,hongkong,4,True,True,True
1,0.8570226430892944,0.7173259854316711,0.0876858979463577,boston,4,False,True,True
2,0.7723975777626038,0.6753378510475159,0.234883040189743,boston,4,False,True,True
3,0.8337167501449585,0.6970244646072388,0.1776496022939682,boston,4,False,True,True
random,0.997320830821991,0.8038194179534912,-9.282430255552754e-05,hongkong,random,True,True,True
1,0.1682212352752685,0.2977709174156189,0.8169463276863098,london,2,True,False,False
3,0.20650614798069,0.3337568044662475,0.7991622686386108,london,2,True,False,False
4,0.2099140435457229,0.3376586139202118,0.7960011959075928,london,2,True,False,False
2,0.1836330294609069,0.3084259331226349,0.8171957731246948,chicago,1,False,False,False
3,0.1869188994169235,0.3102680146694183,0.8125855922698975,chicago,1,False,False,False
4,0.215385615825653,0.3307172656059265,0.7982800006866455,chicago,1,False,False,False
random,1.0039434432983398,0.8500636219978333,-0.0001136329447035,boston,random,True,True,True
2,0.2002551257610321,0.3308128714561462,0.7862838506698608,saopaulo,1,True,False,True
3,0.2087445706129074,0.3417864143848419,0.7842274904251099,saopaulo,1,True,False,True
4,0.2174626439809799,0.3522080481052398,0.7591655254364014,saopaulo,1,True,False,True
1,0.5626990795135498,0.5778123140335083,0.3996279239654541,boston,3,False,True,True
2,0.6061363220214844,0.6006664633750916,0.3998147547245025,boston,3,False,True,True
4,0.6527729630470276,0.6099203824996948,0.3449831008911133,boston,3,False,True,True
1,0.191919207572937,0.3213767111301422,0.7886202335357666,saopaulo,2,False,False,True
3,0.207479640841484,0.3376868069171905,0.785527229309082,saopaulo,2,False,False,True
4,0.2201303392648697,0.3475362062454223,0.7571985721588135,saopaulo,2,False,False,True
random,0.628831684589386,0.5983219146728516,0.3733668029308319,boston,random,False,True,False
1,0.9367988705635072,0.8172240257263184,-0.0638530328869819,chicago,3,True,True,True
2,1.0022103786468506,0.8569024205207825,-0.0030444264411926,chicago,3,True,True,True
4,1.1142088174819946,0.9009824395179749,-0.0255033113062381,chicago,3,True,True,True
1,0.413160502910614,0.4765327274799347,0.5417506694793701,london,3,False,True,True
2,0.503118634223938,0.5302326679229736,0.4659985899925232,london,3,False,True,True
4,0.6580823659896851,0.6032283306121826,0.3716115355491638,london,3,False,True,True
1,0.1974678635597229,0.3278269469738006,0.7828947901725769,saopaulo,3,False,False,False
2,0.2004009038209915,0.3303230404853821,0.7859368920326233,saopaulo,3,False,False,False
4,0.2052590250968933,0.3372131884098053,0.7732667326927185,saopaulo,3,False,False,False
1,2.259572982788086,1.137797236442566,-1.4107928276062012,boston,3,True,True,False
2,1.3819514513015747,0.9211585521697998,-0.3663484454154968,boston,3,True,True,False
4,1.0954582691192627,0.8664458394050598,-0.1024614349007606,boston,3,True,True,False
1,0.880795955657959,0.7150072455406189,0.1273152232170105,hongkong,4,False,True,False
2,0.825822114944458,0.6982563138008118,0.1674808710813522,hongkong,4,False,True,False
3,0.8481522798538208,0.7063106894493103,0.1528383940458297,hongkong,4,False,True,False
1,2.285085439682007,1.0622957944869995,-1.436878323554993,boston,2,True,True,False
3,1.3375740051269531,0.931084156036377,-0.3192761540412903,boston,2,True,True,False
4,1.5066229104995728,0.9642293453216552,-0.5165382027626038,boston,2,True,True,False
1,0.4212047457695007,0.5005134344100952,0.5133586525917053,chicago,3,False,True,True
2,0.4519553780555725,0.507880449295044,0.5465995073318481,chicago,3,False,True,True
4,0.6100736260414124,0.5825729966163635,0.4435518980026245,chicago,3,False,True,True
1,0.9473310708999634,0.824542760848999,-0.0064322417601943,boston,2,True,True,True
3,1.0145190954208374,0.8601364493370056,-0.0005371437873691,boston,2,True,True,True
4,1.0171657800674438,0.8604887127876282,-0.0231915786862373,boston,2,True,True,True
2,0.1782356053590774,0.3105651140213012,0.8224127292633057,chicago,1,True,False,True
3,0.1837381273508072,0.3162635564804077,0.8156312108039856,chicago,1,True,False,True
4,0.2092960625886917,0.3362751305103302,0.8040854930877686,chicago,1,True,False,True
1,0.3762282431125641,0.4595683813095093,0.5999557971954346,boston,4,False,False,False
2,0.3244704902172088,0.4225744009017944,0.6793267130851746,boston,4,False,False,False
3,0.317884624004364,0.410062700510025,0.6866458654403687,boston,4,False,False,False
1,1.2464624643325806,0.8165210485458374,-0.4366136789321899,chicago,3,True,True,False
2,0.6965531706809998,0.6481650471687317,0.3033534586429596,chicago,3,True,True,False
4,0.8027215003967285,0.6924277544021606,0.256801962852478,chicago,3,True,True,False
random,0.1901853233575821,0.3275648653507232,0.8105908632278442,boston,random,True,False,True
1,0.2006395906209945,0.3324873149394989,0.7798464894294739,saopaulo,2,True,False,False
3,0.2141424119472503,0.3492373824119568,0.778662919998169,saopaulo,2,True,False,False
4,0.2273438423871994,0.3643881380558014,0.7478857040405273,saopaulo,2,True,False,False
1,0.1673829853534698,0.2986701726913452,0.817268431186676,london,2,False,False,True
3,0.2005035728216171,0.3285253047943115,0.8050488233566284,london,2,False,False,True
4,0.2024444788694381,0.3303491175174713,0.8037710785865784,london,2,False,False,True
random,0.3779164552688598,0.4482457935810089,0.6205399036407471,hongkong,random,True,False,False
2,1.005823254585266,0.794200599193573,-0.0734400302171707,saopaulo,1,True,True,False
3,1.166079878807068,0.8575731515884399,-0.205250471830368,saopaulo,1,True,True,False
4,1.5476281642913818,1.0153560638427734,-0.7615856528282166,saopaulo,1,True,True,False
1,0.7022154927253723,0.6570713520050049,0.3034079074859619,hongkong,2,False,True,True
3,0.7656081318855286,0.6816977858543396,0.2351505011320114,hongkong,2,False,True,True
4,0.7529611587524414,0.6735231280326843,0.2296220511198043,hongkong,2,False,True,True
1,0.9163435101509094,0.7764264941215515,-0.0117661096155643,saopaulo,2,True,True,True
3,1.0103836059570312,0.8143875598907471,-0.0446629710495471,saopaulo,2,True,True,True
4,1.2424132823944092,0.9159720540046692,-0.406608372926712,saopaulo,2,True,True,True
random,0.9942075610160828,0.862872302532196,-0.0004783272743225,chicago,random,True,True,True
1,0.1866506785154342,0.3154694139957428,0.7875474691390991,chicago,4,False,False,True
2,0.1704199612140655,0.299899011850357,0.8302658200263977,chicago,4,False,False,True
3,0.1692918390035629,0.296631783246994,0.830240786075592,chicago,4,False,False,True
1,0.3186912536621094,0.4373625516891479,0.6599757671356201,boston,4,True,False,False
2,0.2849448621273041,0.4072235226631164,0.7185513377189636,boston,4,True,False,False
3,0.2667992115020752,0.3903084993362427,0.7368600368499756,boston,4,True,False,False
1,0.4782315790653229,0.5076304078102112,0.4467810988426208,chicago,3,False,True,False
2,0.3967069089412689,0.4569393694400787,0.6024121046066284,chicago,3,False,True,False
4,0.4975899755954742,0.5079707503318787,0.5442426204681396,chicago,3,False,True,False
1,0.8966033458709717,0.6553444266319275,-0.0421635285019874,chicago,4,False,True,False
2,0.5046983361244202,0.5297544002532959,0.4937795996665954,chicago,4,False,True,False
3,0.4814305901527405,0.5157977342605591,0.5189317464828491,chicago,4,False,True,False
random,0.1902152299880981,0.3206514120101928,0.8123152852058411,london,random,True,False,True
